n,filename
0,dataSet_0.csv
1,dataSet_1.csv
2,dataSet_2.csv
3,dataSet_3.csv
4,dataSet_4.csv
5,dataSet_5.csv
6,dataSet_6.csv
7,dataSet_7.csv
8,dataSet_8.csv
9,dataSet_9.csv
10,dataSet_10.csv
11,dataSet_11.csv
12,dataSet_12.csv
13,dataSet_13.csv
14,dataSet_14.csv
15,dataSet_15.csv
16,dataSet_16.csv
17,dataSet_17.csv
18,dataSet_18.csv
19,dataSet_19.csv
20,dataSet_20.csv
21,dataSet_21.csv
22,dataSet_22.csv
23,dataSet_23.csv
24,dataSet_24.csv
25,dataSet_25.csv
26,dataSet_26.csv
27,dataSet_27.csv
28,dataSet_28.csv
29,dataSet_29.csv
30,dataSet_30.csv
31,dataSet_31.csv
32,dataSet_32.csv
33,dataSet_33.csv
34,dataSet_34.csv
35,dataSet_35.csv
36,dataSet_36.csv
37,dataSet_37.csv
38,dataSet_38.csv
39,dataSet_39.csv
40,dataSet_40.csv
41,dataSet_41.csv
42,dataSet_42.csv
43,dataSet_43.csv
44,dataSet_44.csv
45,dataSet_45.csv
46,dataSet_46.csv
47,dataSet_47.csv
48,dataSet_48.csv
49,dataSet_49.csv
50,dataSet_50.csv
51,dataSet_51.csv
52,dataSet_52.csv
53,dataSet_53.csv
54,dataSet_54.csv
55,dataSet_55.csv
56,dataSet_56.csv
57,dataSet_57.csv
58,dataSet_58.csv
59,dataSet_59.csv
60,dataSet_60.csv
61,dataSet_61.csv
62,dataSet_62.csv
63,dataSet_63.csv
64,dataSet_64.csv
65,dataSet_65.csv
66,dataSet_66.csv
67,dataSet_67.csv
68,dataSet_68.csv
69,dataSet_69.csv
70,dataSet_70.csv
71,dataSet_71.csv
72,dataSet_72.csv
73,dataSet_73.csv
74,dataSet_74.csv
75,dataSet_75.csv
76,dataSet_76.csv
77,dataSet_77.csv
78,dataSet_78.csv
79,dataSet_79.csv
80,dataSet_80.csv
81,dataSet_81.csv
82,dataSet_82.csv
83,dataSet_83.csv
84,dataSet_84.csv
85,dataSet_85.csv
86,dataSet_86.csv
87,dataSet_87.csv
88,dataSet_88.csv
89,dataSet_89.csv
90,dataSet_90.csv
91,dataSet_91.csv
92,dataSet_92.csv
93,dataSet_93.csv
94,dataSet_94.csv
95,dataSet_95.csv
96,dataSet_96.csv
97,dataSet_97.csv
98,dataSet_98.csv
99,dataSet_99.csv
